-1,-1,-1,-1,-1,-1,-1,-1,-1,-1,-1,-1,-1,-1,-1,-1,-1,-1,-1,-1,-1,-1,-1,-1,-1,-1,-1,-1
-1,-1,-1,-1,-1,-1,-1,-1,-1,-1,-1,8.47477e-05,0.000167509,6.88575e-05,-1,5.95882e-05,0.000162875,7.74647e-05,-1,-1,-1,-1,-1,-1,-1,-1,-1,-1
-1,-1,-1,1.92007e-05,6.62092e-06,-1,5.62778e-05,0.000132418,2.9132e-05,-1,-1,6.09124e-05,0.00018671,0.000310521,0.00012977,0.000114542,0.000151619,1.32418e-05,5.0319e-05,9.00445e-05,-1,-1,-1,-1,-1,-1,-1,-1
-1,-1,-1,5.56157e-05,8.20994e-05,0.000256229,0.000219152,0.000242988,0.000460154,0.000864692,0.00196178,0.00487829,0.00833176,0.0123262,0.0150421,0.0178262,0.0184161,0.0149606,0.0111688,0.00931166,0.0064885,0.00323498,0.00129439,0.000468099,0.000168833,4.83327e-05,-1,-1
-1,-1,-1,0.000106597,0.000108583,0.000219152,0.000760743,0.00208294,0.0057112,0.0141184,0.0279039,0.0549947,0.0991641,0.154879,0.205981,0.248931,0.260595,0.240422,0.194918,0.141541,0.084851,0.0426678,0.0171482,0.00400367,0.000719694,0.000114542,-1,-1
-1,-1,-1,0.000177441,0.00021518,0.000599193,0.00284302,0.00753195,0.0192967,0.046408,0.0944268,0.171725,0.27211,0.38963,0.491864,0.563113,0.589211,0.552305,0.46455,0.350413,0.22511,0.123733,0.0525866,0.0141966,0.00200548,9.33549e-05,-1,-1
-1,-1,-1,-1,0.000689899,0.00284898,0.00716714,0.0192338,0.0493139,0.108448,0.202641,0.326746,0.46044,0.585968,0.677657,0.736065,0.754336,0.738108,0.672338,0.546734,0.397835,0.2445,0.120219,0.0387608,0.00498224,0.000258878,5.42915e-05,4.83327e-05
-1,-1,-1,5.42915e-05,0.00078193,0.00462537,0.0137007,0.0421752,0.101458,0.202828,0.334253,0.47715,0.598377,0.68013,0.724908,0.73864,0.744723,0.754336,0.739464,0.669955,0.539562,0.373508,0.211797,0.0810221,0.0139569,0.000658119,7.28301e-06,0.000101962
3.50909e-05,-1,6.09124e-05,0.000105273,0.000926928,0.00684073,0.027937,0.0823179,0.18054,0.31546,0.464521,0.590253,0.664073,0.678369,0.654312,0.620124,0.604748,0.618934,0.663354,0.683655,0.630319,0.48806,0.307742,0.135513,0.0280144,0.000489948,-1,-1
-1,-1,2.84699e-05,0.000186048,0.00166384,0.0129022,0.0552032,0.145744,0.277478,0.435797,0.573786,0.650874,0.653874,0.598884,0.512297,0.439463,0.399462,0.421223,0.508257,0.61334,0.64863,0.570167,0.400664,0.196729,0.0458677,0.000595882,-1,-1
-1,-1,9.20307e-05,0.000157578,0.00299398,0.0280813,0.0998487,0.22594,0.384612,0.540646,0.636628,0.649791,0.575653,0.459026,0.343703,0.255268,0.217087,0.246818,0.354508,0.509118,0.624762,0.61406,0.476715,0.258376,0.0672427,0.001158,-1,-1
-1,2.1849e-05,-1,0.000168171,0.00612236,0.0519715,0.159811,0.32118,0.490264,0.617703,0.651921,0.583507,0.443764,0.304908,0.191674,0.125296,0.106021,0.14415,0.250083,0.426329,0.586836,0.630499,0.52241,0.310211,0.0899981,0.0021081,0.000143674,-1
-1,1.05935e-05,4.03876e-05,0.000168833,0.0111788,0.0867797,0.236557,0.421567,0.577012,0.65388,0.615339,0.471774,0.301979,0.169703,0.0890421,0.0562592,0.0544114,0.0938694,0.201821,0.378728,0.554123,0.625919,0.54034,0.34188,0.110157,0.00304761,0.000114542,-1
-1,4.17118e-05,0.000115204,0.000345612,0.0199362,0.137038,0.321019,0.514062,0.635566,0.647453,0.531117,0.342633,0.176441,0.078444,0.0387277,0.0266009,0.0320068,0.0775064,0.192121,0.364943,0.54246,0.619515,0.535603,0.346943,0.120828,0.00418177,1.32418e-05,-1
-1,-1,-1,0.000193993,0.0333489,0.196998,0.404328,0.589479,0.664038,0.601823,0.42639,0.225737,0.0935489,0.0371956,0.0194767,0.0162279,0.0288526,0.089534,0.216121,0.392226,0.555211,0.60935,0.512834,0.328715,0.120125,0.0049637,-1,-1
-1,-1,-1,0.000254243,0.0530011,0.258719,0.476188,0.635339,0.659943,0.536156,0.328477,0.144227,0.0517749,0.0189464,0.012305,0.0177407,0.0461584,0.131556,0.275082,0.449931,0.578561,0.587855,0.472999,0.290114,0.103164,0.00436186,-1,-1
-1,-1,-1,0.000500541,0.0729301,0.309809,0.527343,0.658336,0.636806,0.470333,0.255275,0.101521,0.0344764,0.015152,0.0171793,0.0370957,0.0934218,0.210256,0.372082,0.525977,0.598404,0.551242,0.410098,0.233122,0.0764213,0.00314096,-1,7.9451e-06
-1,-1,-1,0.000846153,0.0931795,0.341482,0.552156,0.66549,0.617352,0.436244,0.224992,0.0915249,0.0398745,0.0305933,0.0471893,0.09658,0.193725,0.33773,0.489272,0.589571,0.592148,0.485906,0.32928,0.165187,0.0484009,0.00199157,-1,6.88575e-05
-1,-1,-1,0.00118117,0.101423,0.339456,0.549512,0.666245,0.625848,0.454876,0.260599,0.134799,0.0874947,0.0936687,0.13881,0.227753,0.351884,0.488022,0.589455,0.612778,0.53466,0.390109,0.237194,0.103245,0.025807,0.000909052,-1,-1
-1,3.44288e-05,3.37667e-05,0.00164861,0.0946361,0.307694,0.519561,0.658908,0.660989,0.545016,0.382344,0.265129,0.225721,0.246787,0.316006,0.416671,0.528426,0.61341,0.630557,0.559428,0.427891,0.281295,0.146556,0.0527032,0.00993402,0.000352233,-1,-1
-1,8.6734e-05,6.02503e-05,0.00138907,0.0714768,0.242855,0.451824,0.622785,0.702416,0.67913,0.587482,0.502071,0.466207,0.483784,0.539833,0.611365,0.656008,0.649426,0.568729,0.439252,0.297892,0.169224,0.0724322,0.0206612,0.00328397,0.000103948,9.53412e-05,-1
-1,-1,2.51595e-05,0.00124076,0.0424176,0.160545,0.33706,0.52882,0.678827,0.762137,0.76878,0.738514,0.71265,0.70595,0.713107,0.70819,0.656956,0.555472,0.422809,0.28449,0.163996,0.0756473,0.0255766,0.00648519,0.00113218,8.01131e-05,0.000290658,2.58216e-05
-1,-1,-1,0.000611773,0.016059,0.0792338,0.198808,0.357609,0.528358,0.67046,0.758799,0.790602,0.787123,0.761518,0.705402,0.613255,0.492333,0.359706,0.233681,0.132899,0.0610839,0.0226786,0.00652557,0.00168171,0.000472071,0.000107921,0.000101962,4.76706e-05
-1,-1,-1,3.90634e-05,0.00338792,0.0219934,0.0693925,0.156978,0.273178,0.397441,0.50083,0.565322,0.575399,0.528773,0.445732,0.340736,0.237028,0.14661,0.0780699,0.0345645,0.0128201,0.00388515,0.00130101,0.000628987,0.000293307,6.75333e-05,-1,-1
-1,-1,-1,-1,0.000643553,0.00235241,0.00896273,0.0231487,0.047329,0.080415,0.114485,0.137541,0.144746,0.133853,0.108061,0.0766682,0.0473475,0.0259805,0.0114337,0.00447375,0.00154598,0.000507162,0.000278078,0.000189358,8.47477e-05,4.63464e-05,-1,-1
-1,-1,-1,-1,-1,-1,2.31732e-05,0.000182075,0.000670699,0.00127386,0.0017221,0.00207963,0.00166781,0.00142151,0.000951426,0.000568737,0.000434332,0.00017413,3.24425e-05,-1,-1,-1,-1,-1,-1,-1,-1,-1
-1,-1,-1,-1,-1,-1,-1,-1,-1,-1,-1,-1,-1,-1,-1,-1,-1,-1,-1,-1,-1,-1,-1,-1,-1,-1,-1,-1
-1,-1,-1,-1,-1,-1,-1,-1,-1,-1,-1,-1,-1,-1,-1,-1,-1,-1,-1,-1,-1,-1,-1,-1,-1,-1,-1,-1

-1,-1,-1,-1,-1,-1,-1,-1,-1,-1,-1,-1,-1,-1,-1,-1,-1,-1,-1,-1,-1,-1,-1,-1,-1,-1,-1,-1
-1,-1,-1,-1,-1,-1,-1,-1,-1,-1,-1,-1,-1,-1,0.000181479,0.000295485,4.1298e-05,-1,-1,-1,-1,-1,-1,-1,-1,-1,-1,-1
-1,-1,-1,-1,-1,-1,-1,-1,-1,-1,5.0023e-05,9.88826e-05,0.000179734,0.000677637,0.00116798,0.00159957,0.000952182,0.00027978,0.000104699,0.000147161,3.48998e-05,-1,-1,-1,-1,-1,-1,-1
-1,-1,2.44298e-05,5.81663e-06,-1,-1,-1,1.68682e-05,1.91949e-05,0.000229175,0.000442645,0.000792806,0.00173161,0.00503196,0.00712711,0.00775589,0.0063535,0.0052117,0.00399486,0.00293798,0.00166995,0.00102024,0.000507791,8.49227e-05,-1,-1,-1,-1
-1,-1,8.37594e-05,2.03582e-05,3.83897e-05,0.000176825,0.0002379,0.000313516,0.000843411,0.00227779,0.00744586,0.0210027,0.0548944,0.106546,0.154162,0.175458,0.171814,0.162222,0.137724,0.111291,0.073856,0.0385572,0.0158765,0.00491388,0.00104001,-1,-1,-1
-1,-1,5.58396e-05,0.000140762,0.000181479,0.000505465,0.000792806,0.00104816,0.00176069,0.00425719,0.0141274,0.0414016,0.104789,0.204777,0.297593,0.347763,0.347683,0.318325,0.267611,0.202348,0.133257,0.0697716,0.0287237,0.0100081,0.00254303,3.43181e-05,3.08281e-05,-1
-1,-1,1.10516e-05,0.000193694,0.000209399,0.00041996,0.000835849,0.00154373,0.00263493,0.0052402,0.0156915,0.0477434,0.121851,0.245132,0.368413,0.438901,0.439184,0.390764,0.319426,0.224701,0.136488,0.0663049,0.0260346,0.00871854,0.00218007,5.23496e-06,-1,-1
-1,-1,4.18797e-05,6.68912e-05,0.000232083,0.000337364,0.000699158,0.00179152,0.00292053,0.00556069,0.0144392,0.0443948,0.123806,0.265491,0.415311,0.507734,0.502296,0.428775,0.319023,0.205073,0.108185,0.0471147,0.0171905,0.00527219,0.0012401,1.10516e-05,1.91949e-05,-1
-1,-1,9.88826e-06,6.51462e-05,0.000193112,0.000285596,0.00089576,0.00190785,0.00286876,0.00533385,0.0121108,0.0390144,0.119697,0.282347,0.470381,0.58687,0.558117,0.438233,0.290093,0.158146,0.0679888,0.0254733,0.00789491,0.0023662,0.000556651,-1,-1,-1
-1,4.71147e-05,-1,2.50115e-05,0.000130874,0.000363539,0.00101558,0.00204105,0.00318228,0.00541062,0.0117135,0.0347311,0.116449,0.304217,0.540234,0.677226,0.600695,0.414334,0.236131,0.105202,0.035945,0.0103315,0.00312585,0.00102373,0.000313516,3.78081e-05,3.66447e-05,-1
-1,7.73611e-05,-1,-1,0.000161702,0.000245462,0.000704975,0.00164727,0.00293681,0.00546123,0.0121847,0.0311032,0.113556,0.336328,0.636849,0.771921,0.608108,0.35774,0.163259,0.0563474,0.0139983,0.0034132,0.00129653,0.00046184,1.68682e-05,0.000144834,0.000100628,2.21032e-05
-1,3.60631e-05,2.21032e-05,6.68912e-05,0.000302465,0.000327476,0.000434502,0.00108073,0.00240052,0.00524718,0.0116804,0.0276359,0.113758,0.393849,0.759925,0.839319,0.575529,0.270719,0.0936285,0.023302,0.0044724,0.00146172,0.0006788,0.000394949,4.59513e-05,0.000184387,8.9576e-05,5.29313e-05
-1,-1,7.56161e-06,0.000144834,0.000297811,0.000143671,0.00040949,0.000970795,0.00255408,0.00566597,0.0106438,0.0248091,0.123988,0.492372,0.878966,0.859847,0.502076,0.173479,0.0405582,0.00710733,0.00161121,0.00111621,0.000373427,0.000193694,1.97765e-05,6.86362e-05,1.04699e-05,6.39829e-05
1.86132e-05,-1,4.07164e-06,0.000116333,0.000310026,0.000116914,0.000319333,0.00075907,0.00253198,0.00486444,0.00842015,0.0260207,0.164784,0.63346,0.94801,0.837772,0.388899,0.087934,0.0133212,0.00216553,0.000782918,0.000718353,0.000189622,9.77193e-05,2.90831e-06,5.87479e-05,8.14328e-06,-1
-1,-1,6.39829e-06,0.000149487,0.000207654,0.000155304,0.000179152,0.000481617,0.00237027,0.00459223,0.00902915,0.04133,0.255183,0.759167,0.965883,0.769701,0.262324,0.0382298,0.00467598,0.00105223,0.000570029,0.00070672,0.000301883,0.000111679,0.000111679,2.73381e-05,1.45416e-05,-1
-1,-1,5.52579e-05,0.000118659,0.000107026,6.57279e-05,4.4788e-05,0.000784663,0.00221032,0.00473182,0.0166582,0.0912297,0.38265,0.826595,0.947863,0.649614,0.170071,0.0195514,0.00248603,0.000683453,0.000358304,0.000688107,0.000321078,3.19914e-05,3.19914e-05,1.10516e-05,5.81663e-06,-1
-1,2.26848e-05,8.72494e-05,2.90831e-06,7.61978e-05,0.000182642,0.000347253,0.000874239,0.00244531,0.0099028,0.0456826,0.18009,0.494134,0.842709,0.878947,0.511399,0.127352,0.0169235,0.00277686,0.00121975,0.000595622,0.000747436,0.000352487,0.000122149,0.000237318,3.54814e-05,8.49227e-05,-1
-1,7.38711e-05,2.55932e-05,-1,8.66677e-05,0.000294903,0.000615981,0.00140006,0.00661118,0.0279285,0.104264,0.283331,0.566492,0.817174,0.759711,0.40737,0.114671,0.0207398,0.00504011,0.00273265,0.00163622,0.00131049,0.00104118,0.000636339,0.000554906,0.000204164,0.000139017,4.6533e-06
1.74499e-06,1.39599e-05,2.90831e-06,-1,-1,0.000267565,0.000960325,0.00467657,0.0188069,0.0661851,0.177754,0.367978,0.592816,0.748626,0.63854,0.352331,0.120232,0.0291204,0.00917747,0.00512736,0.00381222,0.00256339,0.00170369,0.000999296,0.000682872,0.000373427,0.000200092,0.000140181
8.72494e-06,4.76963e-05,2.21032e-05,8.7831e-05,6.92178e-05,0.000523496,0.00417576,0.0147527,0.0466243,0.121674,0.253465,0.42386,0.58173,0.657418,0.544316,0.325156,0.134593,0.0402476,0.0148906,0.00880346,0.00558512,0.00365691,0.00221555,0.00135469,0.000881219,0.00042345,0.000126802,9.36477e-05
-1,-1,5.23496e-06,6.10746e-05,0.000361794,0.00271462,0.0118677,0.0337731,0.0863053,0.183131,0.314881,0.447524,0.542859,0.572211,0.48207,0.313586,0.151268,0.0552975,0.0227942,0.0119881,0.00694389,0.00398904,0.00216669,0.00107491,0.000805021,0.000364702,0.000110516,2.96648e-05
1.86132e-05,5.81663e-06,4.42064e-05,0.000231502,0.00138378,0.00773553,0.0234486,0.0559123,0.125764,0.229366,0.345004,0.439122,0.489465,0.498219,0.437509,0.308506,0.167041,0.0679155,0.0266262,0.0129769,0.00679731,0.00356792,0.00114122,0.000565376,0.00063692,0.000264656,0.000129129,-1
1.80315e-05,5.81663e-06,4.36247e-05,0.000149487,0.00205036,0.0117438,0.030439,0.0708465,0.147434,0.244335,0.338051,0.396494,0.422626,0.424106,0.391943,0.291049,0.167399,0.0721628,0.0263202,0.0105095,0.00499415,0.00217774,0.000509536,0.000215215,0.000100628,0.000203,0.000146579,-1
-1,-1,-1,6.97995e-06,0.00205909,0.0103617,0.0272009,0.0625165,0.126078,0.203545,0.267297,0.300241,0.309703,0.311876,0.295561,0.224961,0.127078,0.0509193,0.0151232,0.00553626,0.00258374,0.00101849,0.000394367,6.92178e-05,0.000191367,0.000151232,0.000168682,-1
-1,-1,-1,5.81663e-07,0.000497903,0.00321601,0.00802985,0.0171067,0.0321811,0.0534368,0.0709215,0.0784575,0.0804701,0.0862495,0.0846732,0.0607895,0.0304657,0.0108986,0.003191,0.00128896,0.000436829,0.000400184,0.000122149,0.000104118,-1,6.04929e-05,1.04699e-05,-1
-1,-1,-1,-1,-1,4.76963e-05,0.000135527,0.000308863,0.000949855,0.00126163,0.00118077,0.00142333,0.00237435,0.00377092,0.00367669,0.0012401,0.000506628,0.00016461,-1,-1,-1,-1,-1,-1,-1,-1,-1,-1
-1,-1,-1,-1,-1,-1,-1,-1,-1,-1,4.3043e-05,2.44298e-05,-1,-1,3.72264e-05,0.000111098,3.72264e-05,-1,-1,-1,-1,-1,-1,-1,-1,-1,-1,-1
-1,-1,-1,-1,-1,-1,-1,-1,-1,-1,-1,-1,-1,-1,-1,-1,-1,-1,-1,-1,-1,-1,-1,-1,-1,-1,-1,-1

-1,-1,-1,-1,-1,-1,-1,-1,-1,-1,-1,-1,6.58202e-06,0.000142172,0.000142172,5.92382e-06,-1,-1,-1,-1,-1,-1,-1,-1,-1,-1,-1,-1
-1,-1,-1,-1,-1,-1,-1,1.05312e-05,0.000183638,0.00023432,0.000400187,0.000470615,0.000259332,0.000369251,0.000718099,0.000732579,0.0013197,0.00056013,4.73906e-05,-1,-1,-1,-1,-1,-1,-1,-1,-1
-1,-1,-1,-1,-1,2.96191e-05,0.000300798,0.00100968,0.0023873,0.00482725,0.00715532,0.010033,0.0126039,0.0140915,0.0158107,0.0157804,0.0123308,0.00811761,0.00412956,0.00179163,0.000593698,0.000146121,7.89843e-06,0.000153361,0.000229054,0.000108603,-1,-1
-1,-1,7.24022e-06,9.87303e-06,5.59472e-05,0.00106036,0.00410389,0.0107623,0.0242232,0.0459669,0.0709772,0.100678,0.127955,0.151479,0.162052,0.160046,0.140632,0.108345,0.0721455,0.043444,0.0214613,0.0087587,0.0026723,0.000452185,0.000189562,0.000107945,-1,-1
-1,-1,4.21249e-05,8.95155e-05,0.000818804,0.00636679,0.0177905,0.0420887,0.0834212,0.142241,0.211767,0.292313,0.370494,0.431761,0.461901,0.456149,0.417914,0.336929,0.243804,0.160297,0.08922,0.0406288,0.0128567,0.00196802,0.000238927,0.000146121,-1,-1
-1,-1,7.70097e-05,0.000273154,0.00304945,0.0163491,0.0455028,0.0967116,0.171761,0.263224,0.362981,0.46316,0.547239,0.610263,0.644565,0.647456,0.60825,0.530123,0.407579,0.281021,0.173409,0.0883136,0.0336256,0.00648395,0.00045416,0.000181006,-1,-1
-1,-1,5.33144e-05,0.000679923,0.00659058,0.0289003,0.0762922,0.151805,0.242472,0.341647,0.4361,0.516924,0.570205,0.603515,0.622732,0.634839,0.627733,0.584579,0.494698,0.369531,0.244626,0.136664,0.0563961,0.0119773,0.0005858,6.45038e-05,4.67324e-05,-1
-1,-1,0.000254066,0.000964924,0.0103614,0.0402372,0.0993267,0.176339,0.259723,0.339625,0.407272,0.454401,0.472272,0.475716,0.483725,0.502393,0.532844,0.546947,0.510726,0.415591,0.291848,0.174315,0.0793364,0.0180953,0.000756274,0.000171791,3.42265e-05,-1
-1,4.47577e-05,0.000287634,0.0012723,0.0117943,0.0444978,0.102871,0.166226,0.22823,0.278922,0.319372,0.333384,0.328697,0.318813,0.32629,0.363595,0.431744,0.499352,0.508834,0.437793,0.316499,0.190417,0.0888389,0.0213034,0.000539726,7.24022e-05,-1,-1
-1,-1,0.00026723,0.00153888,0.0110914,0.0399595,0.0859902,0.12977,0.16514,0.192895,0.213386,0.212083,0.195751,0.186895,0.201606,0.266368,0.371373,0.475721,0.510332,0.450774,0.323187,0.191269,0.0874389,0.0210697,0.000629241,5.13398e-05,4.80488e-05,-1
-1,-1,0.000129666,0.00137762,0.00742123,0.0290774,0.0603578,0.0815927,0.101843,0.116352,0.123059,0.116682,0.104919,0.104716,0.142872,0.234735,0.366604,0.48189,0.516487,0.450063,0.313075,0.176987,0.0757505,0.0183783,0.00149346,0.000454818,0.000237611,-1
-1,-1,-1,0.000766147,0.00526628,0.0182835,0.033207,0.0434084,0.0533815,0.062493,0.0640773,0.0609811,0.0611792,0.0812195,0.144231,0.261926,0.398805,0.500654,0.514638,0.435455,0.288501,0.150212,0.0589683,0.0147622,0.00262952,0.00110907,0.000134273,-1
-1,-1,-1,0.000291584,0.00324099,0.0100652,0.0167262,0.0237512,0.0338026,0.041343,0.0463809,0.0553706,0.0733955,0.119073,0.205897,0.329536,0.446791,0.51804,0.503421,0.401478,0.248775,0.118531,0.044476,0.0121702,0.00497403,0.0025841,0.000696378,5.59472e-05
-1,-1,3.15937e-05,0.000380441,0.0021227,0.00712965,0.0162082,0.0286614,0.0453817,0.063764,0.0870723,0.119171,0.161834,0.229378,0.320824,0.418851,0.502115,0.52952,0.473732,0.349567,0.202185,0.091573,0.0359266,0.0158199,0.0102647,0.00523797,0.00185876,0.000368593
-1,-1,-1,0.000631216,0.00354442,0.0136465,0.0358088,0.0692508,0.108837,0.153193,0.204482,0.261094,0.323508,0.397957,0.470263,0.534277,0.55974,0.528731,0.437916,0.30023,0.168766,0.0802684,0.0386588,0.0246286,0.0174345,0.00900618,0.00312778,8.75409e-05
-1,-1,6.91112e-05,0.00235834,0.011354,0.0396034,0.0901941,0.155878,0.224798,0.295254,0.36684,0.438308,0.511417,0.57841,0.619545,0.628696,0.593969,0.520419,0.403039,0.271179,0.162587,0.0935114,0.0610048,0.0448749,0.0316233,0.0161707,0.00490756,0.000423882
-1,-1,0.000350164,0.0060344,0.0307973,0.0895886,0.177901,0.26984,0.358496,0.437472,0.502642,0.569108,0.634937,0.67984,0.69035,0.666253,0.606259,0.510305,0.395925,0.28185,0.196662,0.140591,0.1066,0.0817349,0.055445,0.0286114,0.00658268,0.000470615
-1,-1,0.000647671,0.0146141,0.0622876,0.152536,0.268917,0.373017,0.453545,0.510708,0.556134,0.610725,0.656431,0.686115,0.68394,0.651334,0.590322,0.509432,0.420484,0.334785,0.265909,0.211504,0.168157,0.127158,0.0860863,0.0413285,0.00745151,0.000269863
-1,-1,0.000675315,0.0250453,0.0961278,0.211982,0.339039,0.442429,0.504724,0.550516,0.594093,0.627278,0.656336,0.670207,0.655604,0.622225,0.578423,0.524,0.467761,0.405183,0.347683,0.294237,0.237217,0.177661,0.109958,0.0434348,0.00543083,0.000319886
-1,-1,0.00111039,0.03287,0.117689,0.2426,0.378972,0.491348,0.566807,0.618971,0.65118,0.668537,0.669368,0.650098,0.61327,0.575419,0.541508,0.513792,0.488711,0.452865,0.406129,0.34743,0.2741,0.192754,0.107595,0.0384627,0.00539726,0.000163892
-1,8.55663e-06,0.00180347,0.0342759,0.119279,0.234893,0.377356,0.50416,0.60764,0.673011,0.690975,0.68246,0.64402,0.586525,0.52787,0.482407,0.461993,0.455073,0.457337,0.437818,0.394623,0.330521,0.248283,0.164479,0.0880885,0.0266526,0.00386036,-1
-1,0.000121767,0.00196276,0.0260576,0.0912485,0.188354,0.313729,0.440901,0.550462,0.618395,0.625133,0.591058,0.529502,0.45681,0.395368,0.356391,0.344007,0.349045,0.35438,0.343302,0.304571,0.245597,0.176619,0.112901,0.0563263,0.0153374,0.00160733,-1
-1,-1,0.00106563,0.0127935,0.0471806,0.108409,0.194192,0.289751,0.372962,0.419609,0.424284,0.390612,0.336123,0.277596,0.234563,0.209485,0.204407,0.207852,0.212406,0.202193,0.177242,0.14047,0.0987994,0.0593731,0.0259095,0.00558024,0.000252091,-1
-1,-1,7.63515e-05,0.00272232,0.0125796,0.0329331,0.0634553,0.101813,0.135328,0.154938,0.158624,0.146665,0.126948,0.106317,0.0915928,0.0814519,0.0793752,0.077296,0.0760204,0.0716196,0.0632309,0.0518064,0.0353487,0.0190747,0.0063556,0.00114396,5.5289e-05,-1
-1,-1,-1,5.1998e-05,0.00074311,0.00245509,0.00508132,0.00894036,0.0118687,0.0142112,0.0155184,0.0167282,0.0178794,0.0178518,0.0175931,0.0161167,0.0153322,0.0139183,0.0123821,0.0101166,0.00885809,0.007724,0.0060627,0.00285331,0.0013401,0.000477855,6.45038e-05,-1
-1,-1,-1,-1,-1,-1,0.000181006,0.000273812,0.000273812,0.000280394,0.000439679,0.000628583,0.000767464,0.00121504,0.00175543,0.00191076,0.00179294,0.00160272,0.00126836,0.000905028,0.000796425,0.000546308,0.000223789,3.22519e-05,1.25058e-05,5.72636e-05,6.8453e-05,-1
-1,-1,-1,-1,-1,-1,-1,-1,-1,-1,-1,-1,-1,-1,-1,-1,-1,-1,-1,-1,-1,-1,-1,-1,-1,-1,-1,-1
-1,-1,-1,-1,-1,-1,-1,-1,-1,-1,-1,-1,-1,-1,-1,-1,-1,-1,-1,-1,-1,-1,-1,-1,-1,-1,-1,-1

-1,-1,-1,-1,-1,-1,-1,-1,-1,-1,-1,-1,-1,-1,-1,-1,-1,-1,-1,-1,-1,-1,-1,-1,-1,-1,-1,-1
-1,-1,-1,-1,-1,-1,-1,-1,-1,-1,-1,-1,-1,-1,-1,-1,-1,-1,-1,-1,-1,-1,-1,-1,-1,-1,-1,-1
-1,-1,-1,-1,-1,-1,-1,-1,-1,-1,7.29178e-05,0.000196366,0.000234104,0.000192528,0.00027568,0.000261608,0.00029423,0.000283996,0.000156709,4.86118e-05,5.75667e-06,-1,-1,-1,-1,-1,-1,-1
-1,-1,-1,-1,1.59907e-05,0.000486758,0.000773312,0.00144684,0.00297875,0.00564857,0.00951769,0.0156927,0.0211129,0.0242803,0.0259645,0.0242675,0.0208749,0.0171075,0.0116419,0.0070436,0.00399449,0.00149545,0.000329409,-1,-1,-1,-1,-1
-1,2.43059e-05,3.26211e-05,0.00015607,0.00139951,0.00578545,0.0136638,0.0301112,0.0554009,0.0903163,0.137247,0.183566,0.221279,0.246549,0.249719,0.235358,0.198716,0.150844,0.105427,0.0647542,0.032829,0.0133516,0.00459702,0.000392733,1.91889e-06,-1,-1,-1
-1,-1,5.75667e-05,0.0015204,0.00889085,0.0278373,0.0610635,0.112706,0.186884,0.280245,0.382971,0.480244,0.558773,0.613238,0.623291,0.597713,0.528347,0.421,0.305756,0.20347,0.117423,0.0537928,0.0169924,0.00346167,0.00025905,-1,-1,-1
-1,7.03592e-06,0.000300626,0.00581743,0.0244985,0.0598994,0.120376,0.207547,0.319394,0.435467,0.544466,0.627637,0.685036,0.723949,0.744886,0.744625,0.705004,0.608746,0.479163,0.339491,0.213218,0.108683,0.0373352,0.00790838,0.000823203,-1,-1,-1
-1,0.000324292,0.000454137,0.00974092,0.0378955,0.0829209,0.153822,0.241572,0.33767,0.426816,0.491613,0.528414,0.544748,0.558829,0.586409,0.627503,0.651254,0.621122,0.528493,0.407527,0.270252,0.144119,0.0534647,0.0114052,0.00104899,-1,-1,-1
-1,0.000126007,0.000539847,0.0119425,0.0408986,0.0787749,0.134423,0.19457,0.250744,0.294886,0.316929,0.317466,0.311332,0.321823,0.36634,0.452056,0.537596,0.57068,0.526004,0.417367,0.277697,0.147914,0.0568496,0.0111858,0.000565433,-1,-1,-1
-1,0.000134962,0.000646026,0.00914606,0.0293705,0.0549691,0.0894816,0.119549,0.141732,0.155846,0.161737,0.161483,0.169577,0.205845,0.292121,0.418709,0.530466,0.57446,0.516988,0.388448,0.243504,0.119844,0.0443282,0.00870728,0.000116413,3.9657e-05,-1,-1
-1,6.71611e-05,0.000430471,0.00677751,0.0167513,0.0293737,0.0450932,0.0578539,0.0680611,0.0781512,0.095189,0.125334,0.180255,0.274191,0.402676,0.533542,0.613732,0.596561,0.479787,0.32004,0.17885,0.0776606,0.0249571,0.00468784,3.9657e-05,0.000118331,-1,-1
-1,4.92515e-05,0.000370345,0.00385888,0.00883009,0.0145413,0.02074,0.0290641,0.044311,0.0777745,0.139567,0.233103,0.355094,0.488722,0.609877,0.686927,0.682756,0.583634,0.411548,0.243455,0.117685,0.0415516,0.0106486,0.00181207,9.59444e-06,0.000128566,-1,-1
-1,8.31518e-06,4.98911e-05,0.00151656,0.00414032,0.00818406,0.013161,0.0278252,0.0666743,0.148576,0.277629,0.434851,0.583601,0.702844,0.771496,0.776609,0.711618,0.567791,0.379196,0.214115,0.0946108,0.0313418,0.00771457,0.0010701,9.97822e-05,0.000135601,-1,-1
-1,-1,-1,0.00063963,0.00257835,0.00540423,0.0141384,0.0391511,0.105018,0.226398,0.394396,0.565736,0.698465,0.767186,0.779502,0.750809,0.692383,0.582668,0.432789,0.265491,0.129954,0.0509036,0.0137226,0.00261481,0.00032749,6.71611e-05,-1,-1
-1,0.000102341,5.82063e-05,0.000699755,0.00257579,0.00655492,0.0156121,0.045825,0.117882,0.24133,0.390152,0.521587,0.602649,0.628689,0.627575,0.617246,0.61311,0.592724,0.515439,0.370657,0.210795,0.095741,0.031867,0.00713507,0.000758601,2.62248e-05,-1,-1
-1,0.000144556,0.000717025,0.00233849,0.00602211,0.0116253,0.0194889,0.0412977,0.091916,0.176553,0.273504,0.345543,0.377892,0.38353,0.388281,0.413573,0.472726,0.546922,0.556951,0.460038,0.296791,0.149115,0.060777,0.0156102,0.00180248,3.19815e-06,0.000133683,-1
-1,0.000127286,0.00218689,0.00705383,0.0148938,0.0223013,0.0279032,0.0393385,0.0623863,0.0994413,0.133695,0.159254,0.166549,0.17223,0.191612,0.243336,0.344543,0.48216,0.561008,0.503642,0.352048,0.194224,0.0851878,0.026331,0.00352756,1.27926e-06,2.2387e-05,-1
-1,0.000157349,0.00333311,0.0152571,0.031764,0.0432703,0.0493647,0.0555096,0.0591094,0.0588478,0.0613693,0.0631366,0.065532,0.0733386,0.098233,0.16722,0.291708,0.452524,0.550333,0.514631,0.368759,0.218197,0.103046,0.0338607,0.00385569,-1,-1,-1
-1,0.000161826,0.00575922,0.0277535,0.0584199,0.0828845,0.0978876,0.101888,0.0934665,0.0754501,0.061778,0.0523159,0.0482281,0.0569577,0.0919615,0.181537,0.326705,0.47789,0.555997,0.509292,0.36437,0.22059,0.107433,0.0332108,0.003241,-1,-1,-1
-1,0.000255212,0.00916781,0.040289,0.0881921,0.137215,0.169054,0.18232,0.175083,0.15029,0.122126,0.0986872,0.0932439,0.113231,0.173402,0.284203,0.430761,0.548097,0.570532,0.486608,0.337864,0.200052,0.0916596,0.0240174,0.00228284,1.34322e-05,-1,-1
-1,0.00046565,0.0104151,0.048182,0.108718,0.180702,0.241836,0.28666,0.307947,0.293307,0.260959,0.235684,0.234873,0.274734,0.356623,0.466567,0.572254,0.611361,0.560516,0.427883,0.279805,0.151363,0.0604348,0.0138409,0.00122745,1.34322e-05,4.98911e-05,-1
-1,0.00036267,0.00873734,0.0414358,0.100262,0.184891,0.28464,0.376269,0.448994,0.479219,0.482,0.475157,0.48842,0.531271,0.593276,0.649964,0.66266,0.600816,0.474487,0.324159,0.188244,0.0883962,0.0287667,0.00540743,0.000326211,-1,2.11078e-05,-1
-1,3.13418e-05,0.00608096,0.02727,0.073331,0.144039,0.251898,0.375057,0.496198,0.594826,0.657821,0.694927,0.716833,0.728402,0.722383,0.682077,0.590549,0.459457,0.314602,0.187114,0.0948762,0.037261,0.010511,0.00164896,3.51796e-05,-1,3.19815e-06,-1
-1,-1,0.00235192,0.0125943,0.0395713,0.0833501,0.156723,0.257745,0.374099,0.487379,0.582808,0.645139,0.663557,0.642473,0.57364,0.473323,0.353287,0.238563,0.144256,0.0754667,0.03074,0.00976906,0.00242292,0.000366508,0.000148394,7.67555e-06,5.181e-05,-1
-1,-1,0.000541127,0.00395547,0.0134578,0.0300133,0.0583739,0.097864,0.148175,0.204022,0.253118,0.288026,0.293548,0.276305,0.230394,0.173645,0.11796,0.07176,0.0367595,0.0163732,0.00575411,0.00207688,0.000610207,0.00012153,-1,-1,-1,-1
-1,-1,3.70985e-05,0.000124728,0.00124472,0.00304016,0.00668733,0.0113707,0.0185333,0.0252839,0.031993,0.0352954,0.0365037,0.0342976,0.0285934,0.0218747,0.015417,0.00917485,0.0050454,0.00286874,0.00114302,0.000453497,0.000216834,-1,-1,-1,-1,-1
-1,-1,-1,-1,1.02341e-05,8.05933e-05,0.000166304,0.000364589,0.000400408,0.000513623,0.00074325,0.000954967,0.00106434,0.00135601,0.00104835,0.000838554,0.00102597,0.000954967,0.000746448,0.000537928,0.000365228,0.000196366,2.87833e-05,-1,-1,-1,-1,-1
-1,-1,-1,-1,-1,-1,-1,-1,-1,-1,-1,-1,-1,-1,-1,-1,-1,-1,-1,-1,-1,-1,-1,-1,-1,-1,-1,-1

-1,-1,-1,-1,-1,-1,-1,-1,-1,-1,-1,-1,-1,-1,-1,-1,-1,-1,-1,-1,-1,-1,-1,-1,-1,-1,-1,-1
-1,-1,-1,-1,-1,-1,-1,-1,-1,-1,-1,-1,-1,2.08094e-05,0.000129555,-1,-1,-1,-1,-1,-1,-1,-1,-1,-1,-1,-1,-1
-1,-1,-1,-1,-1,-1,-1,-1,-1,-1,-1,-1,0.000100019,0.000347719,0.000513523,0.00034839,0.00035913,0.000259782,1.74531e-05,0.000247699,0.000210108,0.000119486,0.000125528,-1,-1,-1,-1,-1
-1,-1,-1,-1,-1,-1,2.08094e-05,0.000175202,0.000242329,0.000467205,0.00119486,0.00152513,0.00130697,0.00154661,0.00236757,0.00308516,0.00333689,0.00300193,0.00345101,0.00488887,0.00592062,0.00524666,0.003353,0.00190171,0.000581321,6.98122e-05,-1,-1
-1,-1,-1,-1,0.000349061,0.00113042,0.00164193,0.00318854,0.00585147,0.00811366,0.0105463,0.0142014,0.0166402,0.014874,0.0148747,0.0167308,0.0237382,0.0311228,0.0384954,0.0459667,0.0496123,0.0418632,0.0314773,0.0190292,0.00720274,0.00115593,0.00011076,-1
-1,-1,-1,0.000140967,0.00176544,0.0057528,0.0124924,0.0204758,0.0323929,0.0515946,0.0645119,0.073427,0.0760242,0.0678515,0.0607487,0.0625988,0.0867679,0.119004,0.147538,0.156556,0.150524,0.127342,0.0988112,0.0653872,0.027553,0.00524733,0.000234945,-1
-1,-1,-1,0.000661203,0.0049372,0.013016,0.0266428,0.0483309,0.0770002,0.11912,0.154059,0.168386,0.164972,0.139367,0.109245,0.106535,0.144242,0.206572,0.259416,0.272183,0.244809,0.200728,0.150318,0.096555,0.0420303,0.00881782,0.00107135,-1
-1,-1,-1,0.0013902,0.00764243,0.0211739,0.0413,0.0787301,0.131681,0.197528,0.248156,0.264323,0.246679,0.201711,0.148671,0.136026,0.186485,0.278237,0.351005,0.359639,0.309023,0.240122,0.167312,0.0976794,0.0388082,0.00926758,0.00123111,-1
-1,-1,9.12929e-05,0.00211115,0.0109397,0.0273268,0.056072,0.110199,0.186194,0.277045,0.337131,0.350896,0.312898,0.240886,0.163606,0.143084,0.21327,0.337672,0.43007,0.426689,0.350341,0.248522,0.153373,0.0750864,0.0263172,0.00594881,0.000769277,-1
-1,-1,9.93482e-05,0.00205141,0.0119057,0.0327634,0.0709306,0.144158,0.245883,0.358452,0.422886,0.419478,0.350778,0.239934,0.141389,0.133489,0.239197,0.405076,0.505912,0.475974,0.357858,0.225076,0.119619,0.0466232,0.0127508,0.00296903,0.0003061,-1
-1,-1,0.000204067,0.00272335,0.0139812,0.0399279,0.0913265,0.186502,0.318412,0.445457,0.499051,0.45231,0.334168,0.188479,0.0969491,0.126188,0.280235,0.485436,0.572528,0.499095,0.33477,0.182235,0.0789221,0.0240617,0.00637037,0.00161642,2.28232e-05,-1
-1,8.72653e-06,0.000403434,0.00354029,0.0160206,0.0494163,0.119018,0.243847,0.40475,0.53506,0.552498,0.441871,0.267141,0.118621,0.0681441,0.145175,0.356752,0.576619,0.621193,0.488423,0.288265,0.136135,0.0511146,0.0139819,0.00302005,0.000643078,0.000102705,-1
-1,8.59228e-05,0.00040142,0.003984,0.0186264,0.0622,0.159969,0.321095,0.506103,0.619154,0.57173,0.396764,0.206204,0.101018,0.0980654,0.221034,0.474504,0.668028,0.642079,0.455446,0.247194,0.111833,0.0436582,0.0150734,0.0063744,0.00129623,0.000253741,-1
-1,0.000169832,0.000201381,0.00388263,0.0236059,0.083235,0.216629,0.412355,0.602856,0.683245,0.590594,0.401956,0.249718,0.196846,0.231883,0.384725,0.622998,0.747966,0.650344,0.440909,0.247828,0.124266,0.0588974,0.0274872,0.0117963,0.00235818,0.000404777,-1
-1,8.12239e-05,0.00018997,0.00497077,0.0317203,0.111424,0.277461,0.488328,0.672826,0.733289,0.651742,0.518784,0.440706,0.425028,0.471725,0.608279,0.767269,0.804741,0.669412,0.46457,0.283267,0.15834,0.0865457,0.0462573,0.0175611,0.00337784,0.000155064,-1
-1,4.02763e-06,0.000280592,0.00687181,0.0352283,0.131448,0.302483,0.497931,0.666324,0.731786,0.7091,0.663322,0.635591,0.637134,0.679971,0.767356,0.842091,0.814879,0.65996,0.45883,0.286781,0.167736,0.0963308,0.0505917,0.0190681,0.0041498,0.000406791,4.02763e-06
-1,-1,8.99504e-05,0.00518692,0.0306066,0.122064,0.264235,0.411769,0.540572,0.606552,0.622628,0.620258,0.620313,0.639553,0.701641,0.785042,0.818457,0.741556,0.570687,0.375893,0.229755,0.132874,0.0739083,0.0368776,0.0149626,0.00296434,0.00046989,7.38399e-06
-1,-1,0.000226219,0.00279987,0.021425,0.0842157,0.172579,0.261546,0.327415,0.36771,0.386317,0.398023,0.416358,0.476207,0.585245,0.685743,0.698914,0.591341,0.421908,0.256826,0.146396,0.0786395,0.039405,0.0189379,0.00693826,0.00127072,0.000249042,7.38399e-06
-1,-1,0.000211451,0.00180169,0.0115338,0.0424808,0.0823039,0.122009,0.145097,0.158696,0.168511,0.191341,0.245028,0.348854,0.477415,0.56428,0.559233,0.451602,0.300359,0.172225,0.0908183,0.0447906,0.0205765,0.00876345,0.00262937,0.000463849,8.05526e-05,2.68509e-06
-1,-1,0.00014768,0.00129555,0.00551047,0.0170147,0.0296333,0.0402729,0.0470313,0.0551161,0.0718482,0.11273,0.195536,0.314302,0.422994,0.478254,0.458648,0.368667,0.242967,0.138867,0.0720576,0.0346739,0.0142618,0.00528761,0.00113311,0.000167147,9.3978e-06,-1
-1,-1,8.59228e-05,0.000527619,0.00196078,0.00515,0.00952467,0.0126951,0.0178914,0.0304777,0.0603782,0.120291,0.213988,0.315088,0.386087,0.415698,0.39384,0.319911,0.218292,0.12992,0.0688517,0.0334615,0.0148532,0.00581992,0.0016332,0.00016379,-1,-1
-1,-1,2.01381e-06,7.58537e-05,0.000410147,0.00190977,0.00289385,0.00710877,0.0173,0.0396836,0.0812326,0.151413,0.237662,0.309795,0.350378,0.36778,0.345104,0.286918,0.20443,0.130507,0.0724248,0.0358231,0.0170503,0.00688792,0.00209302,0.000239644,-1,-1
-1,-1,-1,-1,-1,0.000506139,0.00250384,0.00861241,0.0235831,0.0528848,0.104837,0.1728,0.242524,0.287677,0.313598,0.327003,0.306857,0.261541,0.19271,0.130018,0.0763209,0.0393117,0.0181425,0.00735177,0.00215545,0.000345034,4.29614e-05,-1
-1,-1,-1,-1,-1,0.000324224,0.00320465,0.0114814,0.0279135,0.0591283,0.107682,0.166371,0.215896,0.244656,0.265389,0.275397,0.257305,0.2232,0.169805,0.116891,0.0723799,0.0361285,0.0158306,0.00643212,0.00169496,0.000226219,4.29614e-05,-1
-1,-1,-1,-1,-1,0.00055447,0.0033181,0.00920917,0.0225057,0.0447295,0.0761705,0.112764,0.138427,0.154392,0.170175,0.174237,0.15956,0.135977,0.104129,0.0711595,0.0421183,0.0209974,0.00920313,0.00344698,0.000511509,9.53206e-05,-1,-1
-1,-1,-1,-1,4.49752e-05,0.000202053,0.00106329,0.00263541,0.00692551,0.0146995,0.0238832,0.0284284,0.0333441,0.0417048,0.0480328,0.0463137,0.0406979,0.0306039,0.0218365,0.0132066,0.00625625,0.00264414,0.00169295,0.000814252,5.77294e-05,-1,-1,-1
-1,-1,-1,-1,4.56465e-05,0.000169832,0.00016379,4.76603e-05,0.000332951,0.000675299,0.00130764,0.00131502,0.00151439,0.00134456,0.00145867,0.00127676,0.000767263,0.000890777,0.000701479,0.000295359,6.64559e-05,-1,3.42349e-05,7.51824e-05,2.01381e-06,-1,-1,-1
-1,-1,-1,-1,-1,-1,-1,-1,-1,-1,-1,-1,-1,-1,-1,-1,-1,-1,-1,-1,-1,-1,-1,-1,-1,-1,-1,-1

-1,-1,-1,-1,-1,-1,-1,-1,-1,-1,-1,-1,-1,-1,-1,-1,-1,-1,-1,-1,-1,-1,-1,-1,-1,-1,-1,-1
-1,-1,-1,-1,-1,-1,-1,-1,-1,-1,-1,-1,-1,-1,-1,-1,-1,-1,-1,-1,-1,-1,-1,-1,-1,-1,-1,-1
-1,-1,-1,-1,-1,-1,-1,-1,-1,-1,-1,-1,-1,-1,4.26808e-05,0.000262595,0.000585233,0.000739318,0.000856509,0.000815999,0.000426808,0.000279957,0.000184468,4.41276e-05,-1,-1,-1,-1
-1,-1,-1,2.89361e-06,4.19574e-05,-1,-1,-1,0.000113574,0.00045068,0.00122327,0.00164864,0.00317357,0.00450391,0.00747348,0.00984045,0.010341,0.0112424,0.0119513,0.0116027,0.0101768,0.00830467,0.00561216,0.00287408,0.00126379,0.000243787,3.39999e-05,-1
-1,-1,-1,5.06382e-06,-1,0.000183021,0.00132238,0.00286034,0.0055514,0.0126364,0.0251513,0.0383809,0.0519063,0.0654217,0.0825548,0.0973513,0.107522,0.108772,0.103947,0.0932445,0.0814668,0.0722405,0.0569412,0.0389393,0.01921,0.00518029,0.000724127,-1
-1,-1,-1,3.97872e-05,0.000139617,0.00140557,0.00594637,0.0152833,0.0319404,0.059714,0.100235,0.148371,0.19647,0.242337,0.278062,0.30186,0.31505,0.319879,0.309515,0.289387,0.261121,0.224698,0.18085,0.12956,0.0728829,0.0233232,0.00442216,0.000102723
-1,-1,8.68084e-05,-1,0.000778382,0.00464497,0.0150605,0.035399,0.0701274,0.126066,0.202666,0.287617,0.366963,0.433088,0.478025,0.495733,0.499767,0.496585,0.480251,0.447391,0.402996,0.34841,0.289176,0.220484,0.137735,0.0558048,0.0118761,0.000912935
-1,-1,5.71489e-05,-1,0.000742935,0.00737437,0.0246181,0.0577775,0.113519,0.195838,0.299556,0.403353,0.482362,0.532118,0.552158,0.55054,0.543355,0.528725,0.504514,0.46916,0.423575,0.374514,0.317743,0.259593,0.176141,0.0803846,0.0163301,0.000852169
-1,-1,-1,-1,0.000980211,0.00965454,0.0323925,0.0782556,0.154975,0.254984,0.366082,0.468048,0.522499,0.529722,0.513663,0.486178,0.460798,0.437481,0.410416,0.379371,0.347142,0.312539,0.268725,0.226126,0.163159,0.0795476,0.0147748,0.00065468
-1,-1,-1,-1,0.00186349,0.0121864,0.0417707,0.100287,0.198335,0.311678,0.426022,0.514581,0.525068,0.484316,0.424186,0.36948,0.330744,0.301122,0.27418,0.248187,0.220989,0.198599,0.174517,0.146643,0.108413,0.0528489,0.00959016,0.000580169
-1,-1,-1,-1,0.00330089,0.0157897,0.0521328,0.125149,0.240034,0.377595,0.498071,0.562214,0.528367,0.438667,0.347228,0.278377,0.22875,0.187893,0.156298,0.128778,0.107352,0.0906562,0.0771039,0.0652676,0.0494981,0.0252641,0.00528446,0.00024234
-1,-1,-1,0.000173617,0.00442578,0.0201439,0.0630091,0.14997,0.286482,0.451663,0.581853,0.621303,0.55328,0.438766,0.334932,0.264319,0.21177,0.159437,0.111764,0.0728207,0.0469351,0.0326834,0.0245755,0.0210568,0.0159597,0.00818965,0.00201034,8.10212e-05
-1,-1,-1,0.000836977,0.0056165,0.0234318,0.0737365,0.173871,0.33292,0.517029,0.658548,0.682748,0.602517,0.493736,0.403662,0.343019,0.284807,0.225269,0.159374,0.0969621,0.0520329,0.0243548,0.011437,0.00622416,0.00274749,0.00125872,0.000535318,-1
-1,-1,-1,0.00072485,0.00564182,0.0251817,0.076395,0.179238,0.340923,0.534426,0.667699,0.683563,0.624981,0.547439,0.483597,0.427259,0.375406,0.322082,0.25323,0.16904,0.0941828,0.0441428,0.0181545,0.00651786,0.00177161,0.000335659,6.94467e-05,-1
8.17446e-05,-1,-1,0.000440553,0.00435489,0.022045,0.0651128,0.150801,0.290102,0.455601,0.562339,0.580161,0.552855,0.513777,0.479713,0.448815,0.414964,0.380694,0.326847,0.239601,0.148379,0.0762416,0.0333612,0.0120114,0.00364234,0.000228595,-1,-1
2.67659e-05,-1,-1,0.000789956,0.00348825,0.0182695,0.0509175,0.106339,0.198885,0.302729,0.372415,0.388332,0.382881,0.378241,0.381246,0.389907,0.399825,0.40034,0.370053,0.293799,0.193563,0.107697,0.0533401,0.0203652,0.00583931,0.000454297,-1,-1
-1,-1,-1,0.00137664,0.00676093,0.025581,0.0536208,0.0805596,0.11746,0.162726,0.192481,0.202877,0.213797,0.236125,0.276607,0.322662,0.365041,0.397481,0.391293,0.326114,0.226125,0.132365,0.0691053,0.029326,0.00867071,0.000469489,1.30213e-05,-1
-1,-1,-1,0.00160017,0.0142713,0.0513255,0.0913239,0.100892,0.0982779,0.0988386,0.0976102,0.101912,0.114482,0.150522,0.212704,0.283022,0.354102,0.400864,0.400786,0.339343,0.241939,0.148431,0.0785442,0.0353534,0.0108214,0.000465148,4.19574e-05,-1
-1,-1,3.18297e-05,0.00225919,0.0245979,0.0846027,0.154246,0.167978,0.143804,0.116618,0.0945054,0.0882921,0.102702,0.145266,0.215645,0.296731,0.372278,0.41907,0.406614,0.335374,0.242188,0.150105,0.0827197,0.0369066,0.0113227,0.000488297,9.62126e-05,-1
-1,-1,0.000391361,0.0026028,0.0300574,0.112372,0.21692,0.264428,0.250797,0.210128,0.174438,0.158417,0.168368,0.206051,0.272675,0.352693,0.416003,0.441319,0.407424,0.324022,0.22984,0.140994,0.0758749,0.0326718,0.00881539,0.000575829,0.000112127,-1
-1,-1,0.000415957,0.00293123,0.0256251,0.109047,0.241757,0.341108,0.379728,0.368162,0.336389,0.311372,0.306818,0.335008,0.385265,0.443381,0.476851,0.467766,0.403096,0.302256,0.20217,0.116941,0.0611464,0.0239989,0.0053662,0.000562084,0.000124425,3.61702e-05
-1,-1,0.000172893,0.00231127,0.0182572,0.0795866,0.203421,0.342675,0.44287,0.492771,0.503053,0.495441,0.48806,0.49943,0.520865,0.539238,0.525225,0.464945,0.3594,0.249014,0.154231,0.0851945,0.0391578,0.0138293,0.00242846,0.00055702,0.000112127,-1
-1,-1,1.73617e-05,0.000973701,0.0104329,0.0446347,0.127057,0.249254,0.381618,0.490554,0.559494,0.595048,0.607996,0.608191,0.594793,0.559957,0.488425,0.382166,0.268818,0.166948,0.0940265,0.0453841,0.0188801,0.00629144,0.00123123,0.000501318,7.52339e-05,-1
-1,-1,4.1234e-05,0.000558467,0.00468331,0.0195927,0.0608809,0.135414,0.236074,0.340637,0.434357,0.501139,0.532134,0.52709,0.488366,0.416689,0.323779,0.223418,0.136471,0.0777145,0.0393061,0.0166824,0.00647591,0.00235034,0.000773318,0.000306723,4.19574e-05,-1
-1,-1,-1,0.000253191,0.000869531,0.00441493,0.0180098,0.0468852,0.0902771,0.146176,0.197484,0.240121,0.262063,0.255145,0.221028,0.169067,0.115394,0.073458,0.0426974,0.0223163,0.0104568,0.00467029,0.0022317,0.00103953,0.000465872,-1,-1,-1
-1,-1,-1,0.000183744,0.000317574,0.000439829,0.00252323,0.00768761,0.0161811,0.026967,0.0368075,0.0431568,0.0447678,0.0416521,0.0326855,0.0242535,0.0171302,0.0118573,0.00690271,0.00328497,0.00120953,0.00109668,0.00112417,0.000705318,0.000372553,-1,-1,-1
-1,-1,-1,-1,-1,-1,0.000109234,0.000158425,0.000580893,0.00121821,0.00204651,0.00267876,0.00304191,0.00270336,0.00205085,0.00216298,0.00171591,0.00145983,0.000983105,0.000567871,0.000465148,0.000377616,0.000139617,3.61702e-06,-1,-1,-1,-1
-1,-1,-1,-1,-1,-1,-1,-1,-1,-1,8.2468e-05,0.000184468,0.000184468,6.22127e-05,-1,-1,-1,-1,-1,-1,-1,-1,-1,-1,-1,-1,-1,-1

-1,-1,-1,-1,-1,-1,-1,-1,-1,-1,-1,-1,7.68675e-05,0.000168313,-1,-1,-1,-1,-1,-1,-1,-1,-1,-1,-1,-1,-1,-1
-1,-1,-1,-1,1.06024e-05,3.64458e-05,0.000369097,0.00095488,0.00155325,0.00231265,0.0043735,0.00583199,0.00649663,0.00659338,0.00646946,0.00579024,0.00589362,0.00546753,0.00393283,0.00283217,0.0021397,0.000849519,0.000400904,0.000140482,-1,-1,-1,-1
-1,-1,4.24097e-05,8.61446e-06,0.000269699,0.000188193,0.00151349,0.00435362,0.00807109,0.0152827,0.0271269,0.0408147,0.0609414,0.0847763,0.109084,0.125469,0.133137,0.125111,0.106006,0.0781716,0.0465532,0.0246639,0.0114745,0.00354187,0.00116958,0.000233916,-1,-1
-1,-1,9.34338e-05,0.000157711,0.000284277,0.000945603,0.00325958,0.00894314,0.0175483,0.0338429,0.0583206,0.0892757,0.128394,0.182542,0.2479,0.298245,0.316821,0.305289,0.261819,0.19203,0.116206,0.0615749,0.0280931,0.0103977,0.00419127,0.000626868,8.01808e-05,-1
-1,-1,1.45783e-05,0.000117289,0.00031741,0.00208603,0.00540193,0.0134333,0.0279572,0.0536085,0.0887939,0.131912,0.194329,0.275793,0.354531,0.408359,0.422732,0.387093,0.31407,0.218919,0.130244,0.0705637,0.0329854,0.0134101,0.00513289,0.00107482,5.30121e-05,4.1747e-05
-1,-1,0.000209398,5.6988e-05,0.000755422,0.00308332,0.00726862,0.018091,0.0404953,0.0744104,0.119953,0.178898,0.267448,0.358183,0.430866,0.460358,0.436474,0.361853,0.263973,0.16875,0.0954774,0.0495776,0.0242742,0.0117037,0.00540591,0.00143,0.000173615,6.16265e-05
-1,-1,9.34338e-05,8.61446e-06,0.000707049,0.00348488,0.00956603,0.0256678,0.0543102,0.100203,0.158529,0.243522,0.344842,0.428801,0.473786,0.457227,0.378094,0.270393,0.169759,0.0952925,0.0511573,0.0274417,0.0144571,0.0071785,0.00315091,0.00127494,0.000215362,0.000105362
-1,-1,-1,1.25904e-05,0.000646747,0.00354651,0.0126487,0.0351735,0.0740214,0.132025,0.210066,0.315766,0.414615,0.480511,0.482205,0.40588,0.283293,0.167891,0.0862606,0.043672,0.0252377,0.0155007,0.00909952,0.00469687,0.00223711,0.000927711,0.000432711,6.82531e-05
-1,-1,-1,-1,0.000616265,0.00407928,0.0171229,0.0487353,0.0998251,0.173492,0.272781,0.387866,0.477245,0.506585,0.447089,0.313898,0.180908,0.0872493,0.0407067,0.0239157,0.0180904,0.0135976,0.00817844,0.00377976,0.0012809,0.000508253,0.000356506,-1
-1,-1,-1,2.51807e-05,0.000761386,0.00553976,0.0248719,0.066069,0.13231,0.223265,0.344726,0.460189,0.52808,0.498496,0.368435,0.213256,0.102519,0.0498254,0.0362152,0.0361682,0.0337912,0.0264828,0.0155803,0.00727856,0.00225169,0.00067988,0.000334639,-1
-1,-1,-1,2.98193e-05,0.000701747,0.00798163,0.035037,0.0870359,0.169789,0.28501,0.421883,0.528627,0.546886,0.444302,0.270165,0.137691,0.0787455,0.0731196,0.082127,0.0861248,0.0798514,0.0619068,0.0395311,0.0183369,0.00615868,0.00115633,0.000334639,-1
-1,-1,-1,3.51205e-05,0.000772651,0.0117972,0.0464836,0.110358,0.215512,0.360769,0.501052,0.575752,0.524388,0.364722,0.201905,0.129948,0.141717,0.173764,0.195985,0.193485,0.166313,0.126756,0.0812437,0.0429,0.0144571,0.00234844,0.000224639,8.68073e-05
-1,-1,-1,3.51205e-05,0.000907169,0.0152556,0.0592165,0.138655,0.270456,0.436287,0.56999,0.595155,0.474532,0.303198,0.21063,0.233895,0.302378,0.354389,0.367806,0.344776,0.292471,0.218957,0.139038,0.0740824,0.0294522,0.00449609,0.000231265,0.000100723
-1,-1,-1,-1,0.000829639,0.0188107,0.0719526,0.172705,0.334085,0.509388,0.618807,0.580221,0.42595,0.310042,0.328551,0.426057,0.506691,0.537479,0.520557,0.473786,0.398108,0.304123,0.197983,0.109609,0.0472729,0.00787693,0.000293554,2.71687e-05
-1,-1,-1,-1,0.00041482,0.022383,0.087242,0.211637,0.39411,0.576907,0.641976,0.555031,0.416931,0.392144,0.487639,0.590238,0.625262,0.601337,0.561014,0.52691,0.466402,0.362501,0.242826,0.134741,0.059029,0.0123889,0.000231928,-1
-1,-1,-1,-1,0.000629518,0.0254842,0.101716,0.244502,0.442542,0.61919,0.650264,0.546462,0.453929,0.490913,0.58548,0.61371,0.567883,0.51664,0.503506,0.519652,0.496494,0.399184,0.264243,0.143302,0.0610547,0.015675,0.000337289,-1
-1,-1,-1,1.19277e-05,0.00146976,0.0279778,0.10925,0.26479,0.472213,0.64086,0.659566,0.56642,0.503545,0.534253,0.558321,0.502644,0.420271,0.401463,0.463166,0.53077,0.515421,0.398337,0.255429,0.130281,0.054558,0.0146625,0.000367771,-1
-1,-1,-1,6.16265e-05,0.00191042,0.0272654,0.105554,0.26264,0.474535,0.648965,0.692153,0.621317,0.545981,0.521274,0.480566,0.402635,0.362756,0.419762,0.531308,0.58633,0.516668,0.365741,0.214228,0.101971,0.0382131,0.00969326,0.00023988,-1
-1,-1,-1,0.000127229,0.00249621,0.0225533,0.0895997,0.234248,0.438874,0.639065,0.738584,0.705792,0.61237,0.540145,0.485481,0.457618,0.496151,0.587312,0.651754,0.603737,0.457403,0.29014,0.151793,0.0656475,0.0205495,0.0047353,0.000147109,-1
-1,-1,-1,4.1747e-05,0.00233187,0.0157896,0.0631606,0.177249,0.364246,0.581223,0.753573,0.794145,0.741764,0.673047,0.639104,0.656266,0.703609,0.722595,0.656023,0.505918,0.333685,0.185139,0.0856218,0.0310565,0.0081685,0.00144193,0.00014247,-1
-1,-1,5.96386e-06,-1,0.00150554,0.00800217,0.0341464,0.106512,0.243455,0.443374,0.654708,0.793841,0.836893,0.828049,0.814767,0.799706,0.755319,0.651461,0.495539,0.320676,0.178282,0.0840957,0.0319424,0.0101366,0.00229012,0.00057253,0.000166988,-1
-1,-1,1.65663e-05,-1,0.000331326,0.00251741,0.0126209,0.0443214,0.1146,0.238464,0.409109,0.578021,0.694281,0.741609,0.721574,0.645149,0.5257,0.380383,0.238579,0.130744,0.060779,0.0250721,0.00861049,0.00245711,0.000621567,0.00021006,0.000166988,-1
-1,-1,-1,-1,-1,0.000165,0.00140217,0.00892193,0.0261694,0.0589044,0.11943,0.188547,0.253347,0.285343,0.27784,0.233082,0.167987,0.105695,0.0576818,0.0276981,0.0120225,0.00478434,0.0015506,0.000299518,1.39157e-05,5.10241e-05,7.15663e-05,-1
-1,-1,-1,-1,-1,-1,-1,0.000309458,0.00183819,0.00460542,0.00854025,0.0141589,0.0208669,0.0273628,0.0282641,0.0246778,0.0174264,0.0104334,0.0061335,0.00352133,0.00174343,0.000628193,0.000258434,-1,-1,-1,-1,-1
-1,-1,-1,-1,-1,-1,-1,-1,-1,-1,-1,0.000285603,0.000589097,0.000804458,0.000986025,0.00111922,0.00117355,0.000745482,0.000369759,0.000100723,4.70482e-05,-1,-1,-1,-1,-1,-1,-1
-1,-1,-1,-1,-1,-1,-1,-1,-1,-1,-1,3.77711e-05,0.000151747,1.12651e-05,-1,-1,-1,-1,-1,-1,-1,-1,-1,-1,-1,-1,-1,-1
-1,-1,-1,-1,-1,-1,-1,-1,-1,-1,-1,-1,-1,-1,-1,-1,-1,-1,-1,-1,-1,-1,-1,-1,-1,-1,-1,-1
-1,-1,-1,-1,-1,-1,-1,-1,-1,-1,-1,-1,-1,-1,-1,-1,-1,-1,-1,-1,-1,-1,-1,-1,-1,-1,-1,-1

-1,-1,-1,-1,-1,-1,-1,-1,-1,-1,-1,-1,-1,-1,-1,-1,-1,-1,-1,-1,-1,-1,-1,-1,-1,-1,-1,-1
-1,-1,-1,-1,-1,-1,-1,-1,-1,-1,-1,-1,-1,-1,-1,-1,-1,-1,-1,-1,-1,-1,-1,-1,-1,-1,-1,-1
-1,-1,-1,-1,-1,-1,-1,-1,-1,-1,-1,-1,-1,-1,-1,-1,-1,-1,-1,-1,-1,-1,-1,-1,-1,-1,-1,-1
-1,-1,-1,-1,-1,-1,-1,-1,-1,-1,-1,-1,-1,-1,-1,-1,-1,-1,-1,-1,-1,-1,-1,-1,-1,-1,-1,-1
-1,-1,-1,6.32208e-05,0.000120182,8.38771e-05,1.62747e-05,3.19234e-05,4.00607e-05,2.37861e-05,-1,0.000229723,0.00036305,0.000382455,0.000337386,0.000218456,0.000120808,1.2519e-06,-1,-1,-1,0.000158991,3.12974e-05,-1,-1,-1,-1,-1
-1,-1,-1,9.26404e-05,0.000341768,0.00118492,0.00243306,0.00404989,0.00623946,0.00831886,0.00882838,0.00952068,0.0102549,0.00957889,0.00879333,0.00816362,0.00694052,0.00493686,0.00350093,0.00151855,0.000689795,0.000536438,0.000295448,1.2519e-06,-1,-1,-1,-1
-1,-1,0.000512652,0.00114361,0.00451184,0.0124539,0.0236865,0.0370217,0.0543411,0.0713894,0.0888584,0.0992955,0.107212,0.109453,0.110272,0.108771,0.105578,0.0961783,0.0790786,0.058155,0.0372058,0.022864,0.0110549,0.00334069,0.000455691,1.06411e-05,-1,-1
2.94196e-05,0.000423767,0.00326307,0.010402,0.0283605,0.0597919,0.104739,0.157012,0.214893,0.272904,0.323979,0.364061,0.392599,0.413187,0.42459,0.433704,0.437562,0.422286,0.375021,0.303385,0.210314,0.12141,0.0581613,0.0232709,0.00475533,0.000729856,-1,-1
0.000119556,0.00174264,0.0114142,0.0335001,0.0706527,0.132629,0.21186,0.311085,0.411384,0.508958,0.59102,0.649767,0.687151,0.704432,0.716644,0.725586,0.730673,0.71445,0.64948,0.527711,0.36664,0.217183,0.105576,0.0403724,0.00924839,0.00113797,-1,-1
0.000182777,0.00280175,0.0182038,0.0504051,0.101714,0.179732,0.278085,0.395733,0.510971,0.612353,0.681796,0.718202,0.720315,0.704695,0.697288,0.707309,0.740079,0.768192,0.740349,0.623884,0.436749,0.257098,0.122494,0.0426715,0.00855421,0.00127631,9.7648e-05,0.000127694
0.000250379,0.00355288,0.0188173,0.0502205,0.101496,0.172982,0.264753,0.367662,0.464732,0.535831,0.566527,0.548424,0.501837,0.460723,0.439577,0.46856,0.562484,0.678839,0.721419,0.628417,0.433381,0.244176,0.108571,0.0324805,0.00564543,0.000967717,8.63809e-05,3.44272e-05
0.000222838,0.00275355,0.0149176,0.037212,0.0768652,0.129961,0.202465,0.283923,0.358291,0.39665,0.379869,0.319831,0.251095,0.208376,0.200006,0.259273,0.421081,0.615946,0.699618,0.591806,0.388116,0.196702,0.0789534,0.0199396,0.0025376,0.000220334,5.63354e-06,1.12671e-05
0.000142716,0.00154234,0.00835141,0.0220828,0.0488415,0.0884447,0.140848,0.208752,0.262378,0.269436,0.225658,0.15535,0.0952237,0.0709801,0.0905047,0.195061,0.42124,0.642839,0.68593,0.53524,0.311851,0.137755,0.0486281,0.0117115,0.00147223,0.000364302,9.95258e-05,4.19386e-05
-1,0.000487614,0.00408306,0.0124745,0.0319321,0.0608522,0.100042,0.148651,0.181678,0.172889,0.126094,0.0681952,0.0358306,0.0325644,0.0805058,0.243694,0.513594,0.697159,0.65624,0.455353,0.233121,0.0923243,0.0309231,0.00940738,0.00286622,0.000611552,5.75873e-05,-1
-1,0.000133953,0.00166941,0.00673208,0.0203953,0.0429939,0.0715359,0.10316,0.119221,0.103545,0.0710596,0.0433388,0.0330651,0.0472297,0.134233,0.36691,0.63432,0.73048,0.603156,0.369268,0.172839,0.0700387,0.0292756,0.0122874,0.00409558,0.0010854,-1,-1
4.38164e-06,-1,0.000568361,0.00373003,0.0122698,0.0292212,0.0512339,0.0690772,0.0753655,0.0710402,0.0603051,0.0559711,0.0619289,0.10186,0.249223,0.520059,0.719474,0.712912,0.515995,0.288053,0.134012,0.0612203,0.0295222,0.0132125,0.00486863,0.000958327,-1,-1
2.50379e-05,-1,0.000132075,0.00218644,0.00782937,0.0188342,0.0331853,0.044791,0.0523187,0.0596016,0.0653271,0.0747633,0.102311,0.186168,0.39673,0.643346,0.739675,0.627556,0.401781,0.210164,0.0961983,0.0485605,0.025334,0.0117128,0.00380952,0.000368684,-1,-1
-1,4.00607e-05,5.32056e-05,0.00114236,0.00470651,0.0109647,0.0176492,0.0260933,0.036536,0.0477286,0.059042,0.0820969,0.138147,0.287546,0.526266,0.698864,0.68496,0.501407,0.289446,0.138823,0.0630067,0.0313143,0.0158665,0.00714207,0.00307403,0.000558346,9.95258e-05,-1
3.75569e-05,2.62898e-05,0.000179021,0.00068917,0.00265465,0.00503263,0.00792701,0.0131837,0.0209968,0.0312843,0.0482757,0.0908602,0.195333,0.394805,0.601067,0.682521,0.575082,0.376202,0.198639,0.0878938,0.0386799,0.0175554,0.00818491,0.00320298,0.00144719,0.000204059,7.94955e-05,-1
-1,0.000123938,0.000193418,0.000343646,0.00145658,0.00219207,0.00350469,0.00640408,0.012062,0.023833,0.0545727,0.13009,0.283456,0.479385,0.622992,0.608341,0.452767,0.272098,0.134834,0.0576486,0.0234462,0.00874075,0.00351595,0.00104909,0.000753016,0.000167128,-1,-1
-1,2.75417e-05,5.00759e-06,7.07322e-05,0.000356165,0.00107037,0.0019129,0.00505203,0.0138429,0.0366061,0.0939411,0.205994,0.372828,0.53122,0.590594,0.510263,0.353603,0.20422,0.0980248,0.0400038,0.0150553,0.00520789,0.00204873,0.000556468,0.000535812,0.000235983,-1,-1
-1,-1,-1,-1,0.000453187,0.00171009,0.00424706,0.0106774,0.0290127,0.0745611,0.158508,0.292759,0.437769,0.52958,0.523145,0.420387,0.284452,0.162324,0.0773103,0.0316311,0.0123274,0.00453249,0.00168693,0.000312348,0.000359295,0.000238486,-1,-1
-1,-1,-1,6.44727e-05,0.00109416,0.00420888,0.00962709,0.0243982,0.0609912,0.128541,0.232469,0.357134,0.459168,0.494141,0.453964,0.352825,0.236748,0.136037,0.0654855,0.0280187,0.0113547,0.00421076,0.00146472,0.000179021,0.000245998,0.00015148,-1,-1
-1,-1,-1,9.26404e-05,0.00272976,0.00802842,0.0197155,0.0478481,0.0994288,0.180861,0.286223,0.387121,0.445891,0.446042,0.390801,0.300075,0.201767,0.120309,0.0590232,0.0259644,0.0107557,0.00372502,0.00145095,0.000302959,0.000279799,9.07626e-05,-1,-1
-1,-1,6.57246e-05,0.000449431,0.0038258,0.0114017,0.0299479,0.0693013,0.130728,0.213497,0.307747,0.37656,0.405277,0.388058,0.33144,0.256191,0.175228,0.10601,0.0530604,0.0251631,0.0103707,0.00400419,0.00116865,7.38619e-05,0.000163373,2.75417e-05,-1,-1
-1,-1,-1,0.000386836,0.00261396,0.0103538,0.0311729,0.0710377,0.13146,0.199942,0.268288,0.314036,0.326566,0.30696,0.261141,0.202807,0.139651,0.0863672,0.046287,0.0228791,0.00939048,0.00411436,0.00158428,0.000119556,0.000157739,-1,-1,-1
-1,-1,-1,-1,0.00068291,0.00448117,0.0166396,0.0390404,0.0731014,0.106343,0.142433,0.169425,0.176472,0.169022,0.147443,0.114383,0.0816982,0.0528852,0.0300136,0.0144819,0.00505015,0.00259268,0.00113359,0.000190288,-1,3.6931e-05,-1,-1
-1,-1,-1,-1,9.51442e-05,0.000585262,0.00153796,0.00320423,0.0046702,0.00714771,0.0119932,0.015394,0.0187259,0.021517,0.024382,0.0214481,0.0173745,0.0123644,0.00692424,0.00263837,0.00101216,0.0004125,0.000440042,7.51138e-05,-1,-1,-1,-1

-1,-1,-1,-1,-1,-1,-1,-1,-1,-1,-1,-1,-1,-1,-1,-1,-1,-1,-1,-1,-1,-1,-1,-1,-1,-1,-1,-1
-1,-1,-1,-1,-1,-1,-1,-1,-1,-1,-1,-1,-1,-1,-1,-1,-1,-1,-1,-1,-1,-1,-1,-1,-1,-1,-1,-1
-1,-1,-1,-1,-1,-1,-1,-1,-1,-1,-1,-1,-1,-1,-1,-1,-1,4.15548e-05,0.000146112,7.37263e-06,-1,-1,-1,-1,-1,-1,-1,-1
-1,-1,-1,-1,-1,-1,-1,-1,5.22786e-05,0.000130697,0.000306299,0.000522786,0.000912195,0.00163069,0.00218163,0.00308913,0.00339409,0.00345642,0.00277412,0.00168364,0.00123525,0.00132372,0.000744636,0.000500669,0.000163538,2.815e-05,-1,-1
-1,-1,2.14476e-05,-1,-1,2.74798e-05,0.000129356,0.00095442,0.0029953,0.00711057,0.0151239,0.0292566,0.0513055,0.0813898,0.11144,0.131845,0.134542,0.117827,0.0917993,0.0652116,0.0431781,0.0250428,0.0117493,0.00516687,0.00234718,0.00104892,0.000357237,3.95441e-05
-1,-1,-1,-1,3.28417e-05,0.000409516,0.00221916,0.00784917,0.020884,0.0463557,0.0891472,0.163629,0.264151,0.371976,0.465474,0.526041,0.539427,0.500332,0.411609,0.305475,0.203752,0.124,0.0679797,0.033654,0.0141508,0.00531433,0.00115281,3.15012e-05
-1,-1,-1,-1,0.000483242,0.00247452,0.0102855,0.0299945,0.0700668,0.135888,0.236547,0.371096,0.509211,0.62394,0.697016,0.730522,0.724853,0.68631,0.602457,0.487164,0.356248,0.236846,0.141929,0.0767705,0.0340133,0.0123673,0.0025945,0.000217157
-1,-1,-1,6.36727e-05,0.00221045,0.00865882,0.0277177,0.070105,0.14111,0.245295,0.379737,0.518486,0.618688,0.660522,0.648296,0.627848,0.608051,0.599905,0.590374,0.532143,0.430142,0.309679,0.199834,0.116783,0.0543323,0.0173217,0.00377278,0.000320374
-1,-1,-1,0.000893429,0.00526071,0.0177667,0.0497076,0.110293,0.202361,0.332075,0.470362,0.56589,0.594324,0.541705,0.451759,0.395154,0.39333,0.434779,0.501466,0.521453,0.453212,0.346355,0.237076,0.139556,0.0669113,0.0223786,0.00454891,0.000486594
-1,-1,-1,0.00121514,0.0080871,0.024644,0.0650789,0.135225,0.245898,0.382394,0.502683,0.549431,0.506474,0.389925,0.278162,0.232206,0.275026,0.372513,0.479405,0.523291,0.465598,0.352533,0.234077,0.136494,0.0639763,0.0211822,0.00442358,0.000460454
-1,-1,-1,0.000955091,0.00905493,0.0270669,0.0704334,0.145452,0.25799,0.391288,0.503561,0.529319,0.455412,0.322077,0.221188,0.216406,0.302333,0.432474,0.537569,0.538426,0.441086,0.310999,0.192483,0.103114,0.0474563,0.0164986,0.00319101,0.000466486
-1,-1,-1,0.000520105,0.00718697,0.0256025,0.065223,0.134611,0.243379,0.378312,0.489799,0.533389,0.484966,0.37112,0.296143,0.326993,0.443088,0.560014,0.588143,0.503754,0.361801,0.225159,0.125779,0.0626808,0.0290864,0.00953214,0.00237332,9.2493e-05
-1,-1,-1,0.000529489,0.0048036,0.0189557,0.0494187,0.105642,0.201521,0.328232,0.454346,0.54431,0.565737,0.513626,0.476162,0.536118,0.628367,0.642188,0.547341,0.392854,0.243221,0.134557,0.0677853,0.0328672,0.0143954,0.00447385,0.0012815,0.000131367
-1,-1,-1,0.000304959,0.00225602,0.0106367,0.030951,0.0716593,0.146111,0.256507,0.392078,0.542706,0.658497,0.69214,0.69302,0.736821,0.723526,0.597397,0.416799,0.252038,0.136791,0.0711546,0.0358967,0.0170951,0.00677411,0.00238404,0.00055965,3.41822e-05
-1,-1,-1,5.36191e-05,0.00075737,0.00570172,0.0171695,0.0440454,0.0963857,0.188789,0.334213,0.529031,0.710794,0.810688,0.834001,0.81153,0.68355,0.473564,0.279252,0.153991,0.0820688,0.0441058,0.0227332,0.0105476,0.00427881,0.00130429,8.51204e-05,-1
-1,-1,-1,5.76406e-05,0.00033713,0.00329959,0.0119725,0.0333799,0.0794341,0.170676,0.327699,0.539735,0.741762,0.83409,0.83044,0.749679,0.579851,0.374737,0.217039,0.125486,0.0711559,0.0386963,0.0217593,0.0105154,0.00395106,0.000919568,-1,-1
-1,-1,-1,0.000151474,0.000341152,0.0038016,0.0155026,0.0446862,0.107349,0.221448,0.399604,0.599432,0.736183,0.746424,0.696479,0.620371,0.499609,0.349699,0.222283,0.137699,0.0826854,0.0458785,0.0259517,0.0142848,0.00533041,0.000742625,-1,-1
-1,-1,1.07238e-05,6.90346e-05,0.000934313,0.00746043,0.0289114,0.0786961,0.173957,0.329048,0.505113,0.637779,0.658755,0.580926,0.528136,0.501616,0.453685,0.357731,0.252813,0.164053,0.101865,0.0584938,0.0337633,0.0179503,0.00667759,0.000385387,6.1662e-05,-1
-1,-1,1.54155e-05,3.68631e-05,0.00218632,0.0166608,0.052416,0.129711,0.26179,0.429535,0.565312,0.597169,0.511579,0.409047,0.392124,0.427489,0.428159,0.367739,0.281208,0.188931,0.118906,0.0689957,0.0409965,0.0201233,0.00590615,0.000327747,2.61393e-05,-1
-1,-1,-1,0.000182305,0.0041528,0.0276996,0.080558,0.18733,0.337581,0.486285,0.553731,0.497972,0.383367,0.304143,0.327726,0.396161,0.42425,0.380391,0.302075,0.207805,0.129431,0.0762229,0.0434844,0.0196212,0.00400535,0.000105228,-1,-1
-1,-1,-1,0.000292894,0.00565347,0.036333,0.107888,0.230914,0.374394,0.492437,0.523278,0.445073,0.354552,0.315317,0.360226,0.428058,0.445139,0.396983,0.314458,0.215251,0.131545,0.0739515,0.0386627,0.0151072,0.00252948,0.000170241,-1,-1
-1,-1,-1,0.000180965,0.00540816,0.0404322,0.120994,0.242794,0.379123,0.490096,0.540118,0.514707,0.475555,0.470212,0.498392,0.519075,0.491485,0.411448,0.309876,0.201146,0.117588,0.0590889,0.0283719,0.00937597,0.00118029,0.000116622,-1,-1
-1,-1,-1,0.000260053,0.00377613,0.0331292,0.106709,0.21717,0.350254,0.481307,0.593964,0.660253,0.687312,0.68448,0.662976,0.60438,0.505168,0.383273,0.260251,0.153214,0.0820983,0.0383202,0.0164376,0.00454221,0.000662866,0.000142761,-1,-1
-1,-1,-1,0.000114611,0.0019142,0.0175133,0.065916,0.150235,0.26631,0.399538,0.5329,0.648726,0.714008,0.713358,0.641196,0.531177,0.398729,0.268974,0.15992,0.0860969,0.0419,0.0188263,0.0071863,0.00206903,0.000302278,5.02679e-05,-1,-1
-1,-1,-1,-1,0.000210455,0.00393832,0.021567,0.0584435,0.119664,0.200135,0.28382,0.353489,0.393583,0.385877,0.334857,0.256171,0.175825,0.104364,0.0570487,0.0295374,0.0135234,0.0053599,0.0022319,0.00067225,3.01608e-05,-1,-1,-1
-1,-1,-1,-1,-1,0.000214476,0.00207104,0.00526004,0.0106488,0.017831,0.026581,0.0322184,0.0348256,0.0360629,0.0340481,0.0271561,0.0178485,0.0108773,0.00641553,0.00344436,0.00142895,0.000179624,5.42894e-05,0.000162868,-1,-1,-1,-1
-1,-1,-1,-1,-1,-1,1.00536e-05,0.00014008,0.00033646,0.000425602,0.000499998,0.00070174,0.000662196,0.000590481,0.000408176,6.83644e-05,5.29489e-05,0.000133378,0.000144772,2.54691e-05,-1,1.4075e-05,2.34584e-05,1.87667e-05,-1,-1,-1,-1
-1,-1,-1,-1,-1,-1,-1,-1,-1,-1,-1,-1,-1,-1,-1,-1,-1,-1,-1,-1,-1,-1,-1,-1,-1,-1,-1,-1

-1,-1,-1,-1,-1,-1,-1,-1,-1,-1,-1,-1,-1,-1,-1,-1,-1,-1,-1,-1,-1,-1,-1,-1,-1,-1,-1,-1
-1,-1,-1,-1,-1,-1,-1,-1,-1,-1,-1,-1,-1,-1,-1,-1,-1,-1,-1,-1,-1,-1,-1,-1,-1,-1,-1,-1
-1,-1,-1,-1,-1,-1,-1,-1,-1,-1,-1,-1,-1,-1,-1,-1,-1,-1,-1,-1,-1,-1,-1,-1,-1,-1,-1,-1
-1,-1,-1,-1,-1,-1,-1,-1,-1,-1,-1,-1,-1,-1,-1,-1,-1,1.45024e-05,0.000107449,1.77983e-05,-1,-1,-1,-1,-1,-1,-1,-1
-1,-1,-1,-1,-1,-1,-1,-1,-1,1.05472e-05,0.000210943,0.000708638,0.00150627,0.0022215,0.00265327,0.00246474,0.00189783,0.00135795,0.000870141,0.000337509,0.000236652,1.3184e-05,-1,-1,-1,-1,-1,-1
-1,-1,-1,-1,-1,-1,9.22877e-06,0.000158867,0.000709956,0.00228148,0.00666251,0.0155182,0.025803,0.0361939,0.0423719,0.0437114,0.0384167,0.0302572,0.0210126,0.012741,0.00690312,0.00296244,0.000810813,3.55967e-05,-1,-1,-1,-1
-1,-1,-1,-1,1.84575e-05,0.000102835,0.00111273,0.00321755,0.0109183,0.0295973,0.0634933,0.121512,0.204376,0.302967,0.387715,0.430622,0.412611,0.339917,0.243519,0.143817,0.0736673,0.0302954,0.00937248,0.0020534,0.00037772,0.000109427,-1,-1
-1,-1,-1,2.90047e-05,0.000119974,0.00122545,0.00629402,0.0191655,0.0516007,0.111105,0.213533,0.362321,0.52651,0.667826,0.756055,0.781323,0.739329,0.62868,0.471214,0.305101,0.170136,0.0790167,0.0275439,0.00819647,0.00176599,0.000245222,-1,-1
-1,-1,6.59198e-07,0.000111404,0.00131312,0.00581413,0.0211813,0.0554194,0.13055,0.250781,0.427452,0.599677,0.710684,0.73627,0.704995,0.677686,0.667509,0.632841,0.543418,0.393742,0.240058,0.122512,0.0472856,0.0131846,0.00321557,0.00049308,-1,-1
-1,-1,2.10943e-05,0.000506923,0.00344101,0.0156355,0.0485334,0.11571,0.23842,0.417584,0.593384,0.672872,0.623086,0.496461,0.392424,0.374484,0.441307,0.531046,0.541935,0.438527,0.281649,0.144334,0.0569171,0.0158702,0.00351814,0.000411999,-1,-1
-1,-1,4.61439e-06,0.00117996,0.00855243,0.0326712,0.0851025,0.188717,0.359968,0.542846,0.639612,0.571776,0.390864,0.22653,0.158453,0.208346,0.356012,0.520798,0.579098,0.49083,0.309772,0.152329,0.0579402,0.0159038,0.00334675,0.000588664,2.17535e-05,-1
-1,-1,0.000133817,0.00228346,0.0148458,0.0517978,0.123719,0.26459,0.455271,0.599915,0.583648,0.404322,0.203186,0.10232,0.111766,0.225183,0.42373,0.614067,0.656377,0.526222,0.313239,0.140006,0.0510958,0.0133745,0.00233686,0.000321689,4.87806e-05,-1
-1,-1,0.000283455,0.00408505,0.0219256,0.065519,0.154484,0.314752,0.504059,0.598106,0.501528,0.298278,0.156122,0.137983,0.210121,0.367102,0.578896,0.734079,0.704706,0.506359,0.268308,0.110689,0.0385479,0.0100613,0.00131049,1.51616e-05,-1,-1
-1,-1,0.000201055,0.00459461,0.0254272,0.0733766,0.170197,0.333197,0.513347,0.579507,0.477711,0.329666,0.267581,0.30321,0.405755,0.561832,0.734633,0.815179,0.691287,0.434667,0.201621,0.0777128,0.0253653,0.00686884,0.000994071,0.000134476,3.42783e-05,-1
-1,-1,0.000130521,0.00429731,0.0238524,0.0691202,0.162808,0.314215,0.485178,0.563846,0.524214,0.462897,0.456664,0.498518,0.573438,0.681892,0.810205,0.822756,0.618425,0.333071,0.138938,0.0510068,0.0174213,0.00495255,0.000522744,0.000148979,4.08703e-05,-1
-1,-1,3.88927e-05,0.00338432,0.0187061,0.0554603,0.130716,0.25863,0.41287,0.520913,0.550712,0.546732,0.548579,0.556445,0.582865,0.68794,0.808164,0.766722,0.510816,0.243589,0.097028,0.0356633,0.0135234,0.00398683,0.000444959,0.000148979,6.78974e-05,-1
-1,-1,9.22877e-06,0.00201319,0.0116447,0.0377978,0.0880293,0.175866,0.294311,0.398417,0.458878,0.472853,0.461551,0.44901,0.50088,0.652778,0.76362,0.667759,0.404375,0.182075,0.0742956,0.0284998,0.0120594,0.00318129,0.000462098,4.02111e-05,2.30719e-05,-1
-1,-1,3.62559e-05,0.000964407,0.00561373,0.0195103,0.0476989,0.0955784,0.161322,0.228949,0.275566,0.288805,0.286936,0.315494,0.439756,0.622075,0.687374,0.554352,0.320878,0.147824,0.0640431,0.0252552,0.00960517,0.00277852,0.000453528,0.000145024,-1,-1
3.36191e-05,-1,8.37181e-05,0.000546475,0.00281214,0.00863417,0.0217423,0.0416046,0.0690134,0.0999542,0.124973,0.142143,0.169409,0.260601,0.434362,0.582484,0.592705,0.450003,0.264429,0.130472,0.0596838,0.0245077,0.00985435,0.00340278,0.000502309,0.000382994,-1,-1
-1,-1,-1,0.000427819,0.00123468,0.00394991,0.00850629,0.0157601,0.0252282,0.0364293,0.0531221,0.080937,0.148988,0.28234,0.444983,0.532633,0.496619,0.369689,0.226071,0.121108,0.0578123,0.023892,0.0103092,0.00408307,0.000967043,0.00049308,-1,-1
-1,-1,5.07582e-05,0.000228082,0.000919581,0.00289322,0.00458274,0.00727755,0.0122479,0.0206481,0.0422829,0.0919001,0.191508,0.332302,0.445106,0.471744,0.415788,0.316649,0.202548,0.115762,0.0572771,0.0252664,0.0112591,0.00467635,0.00184641,0.000748849,-1,-1
-1,-1,2.04351e-05,8.70141e-05,0.00064931,0.00217997,0.00372711,0.00713054,0.0149928,0.0332513,0.071612,0.143543,0.253374,0.366701,0.423861,0.409688,0.357457,0.280313,0.186976,0.111332,0.058693,0.0274589,0.0126817,0.00541861,0.00233356,0.000495717,-1,-1
-1,-1,-1,0.000124588,0.000497694,0.00138827,0.00389322,0.0105221,0.0277509,0.0599198,0.117983,0.204481,0.304257,0.374244,0.3881,0.356998,0.316033,0.257312,0.17708,0.10923,0.0615045,0.0313785,0.01512,0.0070165,0.00229862,0.000407384,-1,-1
-1,-1,-1,9.09693e-05,0.00041925,0.00196705,0.00664274,0.0190106,0.0452849,0.0889911,0.159464,0.245322,0.319128,0.354505,0.345476,0.312756,0.28434,0.238394,0.172136,0.111442,0.0652619,0.0340693,0.017273,0.00782798,0.00228742,0.000253791,-1,-1
-1,-1,-1,-1,0.000654584,0.00349111,0.0105564,0.0271688,0.0576462,0.107016,0.178301,0.247166,0.296247,0.308894,0.290638,0.264961,0.246309,0.21417,0.160333,0.106576,0.0646047,0.0336356,0.0160099,0.00744564,0.00147199,0.000161503,-1,-1
-1,-1,2.37311e-05,-1,0.000684907,0.0038662,0.0101312,0.0237041,0.0514016,0.0925989,0.146416,0.190867,0.221295,0.223142,0.203429,0.184761,0.176328,0.154223,0.117246,0.077761,0.0463792,0.0235255,0.00980096,0.00376929,0.000661835,8.37181e-05,-1,-1
-1,-1,-1,2.50495e-05,0.000627556,0.00148122,0.00332499,0.00561768,0.0130211,0.0241708,0.0373811,0.0526706,0.063051,0.0638018,0.0602237,0.0512948,0.0503067,0.0434965,0.0331801,0.0232539,0.0151853,0.00613845,0.00156955,0.000343442,1.84575e-05,-1,-1,-1
-1,-1,-1,-1,-1,-1,2.70271e-05,0.000153593,0.000152934,0.000253791,0.000584709,0.000626238,0.000914967,0.000646014,0.00153593,0.00082993,0.000795652,0.000565592,0.000635467,0.000736324,0.000738961,0.000328281,0.000134476,-1,-1,-1,-1,-1

